layer,head,documents,raw_entropy,normalized_entropy,trailing_raw_entropy,trailing_normalized_entropy,query_count
1,1,1000,3.6282263722623527,0.8608071226864792,4.125672807250363,0.8029356308268343,194091
1,2,1000,0.4711742382770598,0.10827983757249765,0.06790325382554067,0.01373599327720919,194091
1,3,1000,3.6751647405224177,0.8659841159987447,4.293665772911963,0.8361756370513158,194091
1,4,1000,0.4235813402470813,0.11087250776125311,0.022737438883210417,0.0044358053020388975,194091
1,5,1000,1.2648984272891526,0.3233827896359387,0.1278885594411638,0.02510083325819767,194091
1,6,1000,1.0880847359897443,0.2554833087353702,0.7919830897632405,0.15672487167784663,194091
1,7,1000,3.4830683258630306,0.8301068693895414,4.25969552169394,0.8287299533688256,194091
1,8,1000,1.878708472294939,0.47367925662727883,1.7187343555367502,0.3359754162592317,194091
1,9,1000,3.5226369713773336,0.8387760423073153,3.962739396369233,0.7707168080276214,194091
1,10,1000,3.8680709944999294,0.9158953432871361,4.136787122209212,0.805342323409934,194091
1,11,1000,3.5948902705660393,0.8618649043170878,4.176229820042585,0.8133116000034645,194091
1,12,1000,4.024680670858351,0.9504409779855418,5.018446878521354,0.9730963891444191,194091
2,1,1000,2.083074069874377,0.5155137881866227,2.847068321751381,0.5533474115898157,194091
2,2,1000,2.5110668096728777,0.6188993010304724,2.4986745829619195,0.48759287908948956,194091
2,3,1000,3.668762473076912,0.8700107228263455,4.663544569514718,0.9043597320298613,194091
2,4,1000,2.6275731032597958,0.6230711365564301,3.9842213913483473,0.7653638730696248,194091
2,5,1000,3.3189931796356706,0.8020938010162662,3.8920060659930185,0.7574300800612307,194091
2,6,1000,3.3778201879227607,0.794642274176806,4.237385315279188,0.825238031518731,194091
2,7,1000,3.459390888245007,0.8094384374339254,3.9763084579206542,0.7737372267869049,194091
2,8,1000,3.8780519759080287,0.9121619083760111,4.32627488765974,0.8437949091088537,194091
2,9,1000,3.915203067435911,0.9202873212983782,4.986191735101834,0.9667758113444546,194091
2,10,1000,3.869688480576471,0.8996297420801852,4.910683593931608,0.9519833248195123,194091
2,11,1000,3.810854384974247,0.9074110154556866,4.548948573999185,0.8869568448654693,194091
2,12,1000,1.4616328520574537,0.3527598162144449,0.5041621822558532,0.1002038865041497,194091
3,1,1000,2.277825783077261,0.5678054434276174,2.3529784048766222,0.45952383821473675,194091
3,2,1000,3.365949718035877,0.7846191902681914,3.9956146715976137,0.7743461838341325,194091
3,3,1000,1.109372769955098,0.2813465673864666,0.9085710650798262,0.17718045217073286,194091
3,4,1000,1.852423663325163,0.46626870913555774,1.1290447291396,0.21956779410698113,194091
3,5,1000,1.5158207626822306,0.37977716451729676,1.141651330627982,0.22554704893860059,194091
3,6,1000,1.7580490182188102,0.4412918748477299,1.2157898525677582,0.23658969742312227,194091
3,7,1000,2.635570772245569,0.641983096200892,1.8555924988207757,0.3631334380241078,194091
3,8,1000,3.243680088279436,0.7986850363868224,3.504666029388338,0.692166646319825,194091
3,9,1000,1.782429758409829,0.44744638989733515,1.2418004385680566,0.24256743500933914,194091
3,10,1000,1.7544165788270443,0.4420379124337548,1.4340764457231312,0.2793667642597068,194091
3,11,1000,2.9701687435978332,0.7306999302487939,3.1678125871985694,0.6191008779076566,194091
3,12,1000,2.1024384637748965,0.5084804219582142,2.527938560623511,0.4856700771854371,194091
4,1,1000,1.5499508486696896,0.3466434892305568,0.615858475120369,0.12160231297416242,194091
4,2,1000,1.8973740829321841,0.47096291333593104,0.8467697967514249,0.1650820937607666,194091
4,3,1000,1.433356803904559,0.3659070382557944,0.4244392394252249,0.08336477843067737,194091
4,4,1000,1.0098684252134247,0.2567632959254901,0.2618980260296071,0.051088159703002706,194091
4,5,1000,2.3299998725695006,0.5224871259516771,1.9943145427594922,0.39616058716115116,194091
4,6,1000,2.4438463010323805,0.5861967321555667,1.3485249470812524,0.2674705023326878,194091
4,7,1000,1.6740598083756981,0.4251447908395108,0.6615672999332044,0.12943369060042362,194091
4,8,1000,1.4535724319101975,0.3672250559736829,0.463970322930553,0.09076131547964605,194091
4,9,1000,1.5522736497405474,0.3919535548911305,0.9135983912279533,0.17831309683008273,194091
4,10,1000,1.5781898821516593,0.39561130398232774,0.6134801284416203,0.12098485752359499,194091
4,11,1000,1.7006258459884536,0.41700637035810006,1.2475530083938786,0.2444532224772206,194091
4,12,1000,1.77731820436196,0.4457859615835186,0.8033873566871331,0.15734004390978532,194091
5,1,1000,1.2348315965060008,0.31190262848631994,0.37543568068746164,0.07386436425084777,194091
5,2,1000,1.5752337823082971,0.39320355548941527,0.7706637483433056,0.1509247019878481,194091
5,3,1000,2.0488713576935975,0.4871351875373539,0.6950114886100803,0.13678455709759862,194091
5,4,1000,1.6294442393847677,0.4098999738954617,0.27022827740932914,0.05340023089833073,194091
5,5,1000,2.1399097251376724,0.4969718415654761,2.207105645082024,0.4310368521676743,194091
5,6,1000,1.4196835465189364,0.3594090968315711,0.6637840536277209,0.13029277462930178,194091
5,7,1000,1.9914097745426074,0.4900382812108846,0.7741825803830258,0.15218234477604134,194091
5,8,1000,1.7208836721032894,0.42942613844665367,0.18716356549193552,0.03700943138187745,194091
5,9,1000,2.2598582967474976,0.5129529472933491,1.3947976396157442,0.2743085842093143,194091
5,10,1000,1.7416256322928878,0.425660200746108,0.2894138410221499,0.057039354768486275,194091
5,11,1000,2.117841567988536,0.4832021741286182,2.8122969269858955,0.5497511698722156,194091
5,12,1000,0.016980798250669983,0.004188674308731419,0.005872072550335588,0.0011303628491944986,194091
6,1,1000,1.1231994898711988,0.2508654240987425,0.9837257165101446,0.19294371401464264,194091
6,2,1000,0.212039663747396,0.04640945918056792,0.22916805943450946,0.044055245362959926,194091
6,3,1000,1.4272118558284221,0.3564242630199822,0.24241275553778915,0.04800062170885066,194091
6,4,1000,2.153763453786423,0.5286382226354013,0.7498428598093324,0.1474327069384892,194091
6,5,1000,1.4440637507861676,0.36016758069029303,0.5760127983014915,0.11369069516740293,194091
6,6,1000,1.1478477983738657,0.2573845447291654,0.528575532157385,0.10396439654570801,194091
6,7,1000,0.7104360539846785,0.18339795062897202,0.7312170542403353,0.14341385019118563,194091
6,8,1000,0.9150425369219363,0.22834682849555446,0.21345844933914668,0.04212801982874384,194091
6,9,1000,1.0072217529800593,0.24457964197123164,0.4535752389124399,0.08910217794170305,194091
6,10,1000,1.9930849643521649,0.4532002808279128,0.951140533976977,0.1870174919220887,194091
6,11,1000,2.7249675012657675,0.636994225839944,0.28742833448771843,0.0564906932221929,194091
6,12,1000,2.0415323837251433,0.47976856263136924,2.9951754026555735,0.5866712951025324,194091
7,1,1000,1.830363632122093,0.456091730287278,0.319571689082398,0.0629612282890045,194091
7,2,1000,0.7609030992641822,0.19062765161034811,0.2532682545362509,0.05024388115635693,194091
7,3,1000,2.49630240608098,0.5704020471263207,2.643651110745863,0.517193771646908,194091
7,4,1000,1.5233301512587856,0.3617423645947714,0.32425491310494,0.0634713332368098,194091
7,5,1000,2.8239320501615226,0.6674939288527291,0.16626653278511902,0.03258371616244345,194091
7,6,1000,1.616288588146781,0.39422773982486303,0.8255305812990521,0.1623500872468528,194091
7,7,1000,1.9971852777138979,0.4610410522331091,1.5857828305368202,0.3080659419608888,194091
7,8,1000,2.120165662628888,0.5159681055725789,0.6480893907657059,0.12706995421104067,194091
7,9,1000,1.265948167628415,0.31870072841081226,0.37397483934894116,0.07379868432317369,194091
7,10,1000,0.44107371845263005,0.09660774742655838,0.38120794251592316,0.0734515364751517,194091
7,11,1000,1.671246155851928,0.3713601306125801,0.27315132417577886,0.05358304158872575,194091
7,12,1000,1.4757397005297823,0.3651204476699344,0.4728164875026301,0.09344611298998862,194091
8,1,1000,1.1177443532969744,0.28548339806882017,0.43151231866939943,0.0851374590887097,194091
8,2,1000,1.5671450834241396,0.35185570610285266,0.08283299662872287,0.016235215733590307,194091
8,3,1000,0.3047638278920618,0.06549047226048521,0.4556332727427871,0.08711034851537881,194091
8,4,1000,1.3608773443880149,0.32820036137053094,0.5301447688104601,0.1041192638624509,194091
8,5,1000,0.939977821864635,0.23242181965009595,0.22742733594050116,0.04491103155542198,194091
8,6,1000,2.247519268293333,0.5355307782126059,0.3650193158576774,0.0717284041587343,194091
8,7,1000,2.0831464272381433,0.47501123048930993,0.43631739594977464,0.08539046139223962,194091
8,8,1000,1.152818935749652,0.2572391621168135,0.2796824539655192,0.055046925464771516,194091
8,9,1000,1.3011752910113228,0.32548548819111683,0.4594441516123876,0.09083676843080425,194091
8,10,1000,1.192732203086062,0.28792483412515935,0.2525173811614533,0.04981946691906796,194091
8,11,1000,0.6214698899105567,0.13688027833441685,0.20496314239940988,0.03988533140851956,194091
8,12,1000,1.000656723174708,0.2204952211252782,0.5859602051247352,0.11351338061072622,194091
9,1,1000,2.140963672865975,0.4978419422196452,3.2247205171341555,0.6263336320862481,194091
9,2,1000,0.7895535489414638,0.17577103447748096,0.7457122286376657,0.14490434361729343,194091
9,3,1000,2.746982825509705,0.6360040149337187,0.5077492540887734,0.09884891074438779,194091
9,4,1000,1.7132306489318399,0.3977468860787723,0.7638367725865726,0.1490731034290516,194091
9,5,1000,0.9694203966853151,0.24145859467338737,0.4400408620843641,0.08648343336133135,194091
9,6,1000,1.826737907787731,0.44972265643797804,0.623829914051329,0.12264037701580154,194091
9,7,1000,1.400181836102936,0.32167302693518596,0.672848250886872,0.13103746060131596,194091
9,8,1000,1.2581465991808458,0.3182879298510408,0.5683164403400983,0.11205345750986066,194091
9,9,1000,1.9175751842359299,0.45483233180538685,0.37395972829710616,0.07348782080089515,194091
9,10,1000,1.7958843281550074,0.42382678519949646,0.8528811854072412,0.16607673682935217,194091
9,11,1000,1.9290417644886657,0.45936494815765894,1.4358955586493056,0.28055864789944623,194091
9,12,1000,1.691670348153809,0.4029297224461493,0.4728332049684794,0.09315137005079928,194091
10,1,1000,1.7937738146891893,0.4217106141588523,0.20984372699808682,0.040909376056686854,194091
10,2,1000,1.0102102840685148,0.22382991135827932,0.745659022530295,0.14510428225585184,194091
10,3,1000,1.7742207822017075,0.4124286726975041,0.20815112942640587,0.040917480046875475,194091
10,4,1000,1.5885414580120993,0.3990089034027483,0.8761430120050115,0.17170724098810633,194091
10,5,1000,1.2235707986134885,0.27570906423984787,0.5569862383656027,0.10786170068672302,194091
10,6,1000,1.599915885969281,0.3735867727040666,1.5672660713991282,0.3031999258911903,194091
10,7,1000,1.0425218854381282,0.2337492125620554,0.19846242623241472,0.03854089499826093,194091
10,8,1000,1.681368360272198,0.3947384538563138,0.3509020888765475,0.06889496781906365,194091
10,9,1000,2.033370129668249,0.47723755945328095,0.21350986200395244,0.04172326478288823,194091
10,10,1000,1.04921934034081,0.23349542904154216,0.19345439382578114,0.03760855504018511,194091
10,11,1000,1.0730433550365612,0.26494766405969467,0.3929254391246958,0.07731154686628683,194091
10,12,1000,1.3727559597410524,0.30171075182953805,0.5999093640154363,0.1167860439486951,194091
11,1,1000,1.813512380647261,0.4222561634011094,0.1694353497443002,0.03308248812274748,194091
11,2,1000,1.2577496328316302,0.28391468553506466,0.3181925370617189,0.061732337587793604,194091
11,3,1000,1.530051895974773,0.3444708729023866,0.6487337772978202,0.12622740811087796,194091
11,4,1000,2.111853982802513,0.48571076180407624,0.45637740425013235,0.08912333301199829,194091
11,5,1000,2.21406517685884,0.5155967243391567,0.5660479644969341,0.11061833499675808,194091
11,6,1000,0.9836217027693601,0.24209018270072705,0.4059095467767147,0.07975507721342967,194091
11,7,1000,1.463996475098007,0.3360367452234115,0.3071197868039412,0.05982090177776623,194091
11,8,1000,2.0017129466884698,0.46013581287591215,0.6288971865736153,0.12131731835894065,194091
11,9,1000,1.4376254933941086,0.3190096720096292,1.70727115143024,0.3304416336329814,194091
11,10,1000,1.3303096204698317,0.3309706236675646,0.5357309522634125,0.10492040715999061,194091
11,11,1000,1.476959015134698,0.33852786309947025,0.6714211266033422,0.13049385277170938,194091
11,12,1000,1.5728692298995544,0.3684762729887381,0.3946760113431592,0.07684765954310709,194091
12,1,1000,3.519183018629552,0.8364544258631974,4.100794545877711,0.7951073668065394,194091
12,2,1000,2.009742787229268,0.4627909979757702,1.2795523885386337,0.24896235551694507,194091
12,3,1000,1.7828188360088166,0.4101675717539051,0.443805302534624,0.08678983083955986,194091
12,4,1000,2.0013540757331056,0.4841160619477365,0.8990527373678298,0.17628546581631213,194091
12,5,1000,2.692393934557929,0.6231810693033535,1.7796585940111391,0.34568945345660995,194091
12,6,1000,1.690405501924909,0.38525311737700363,1.1869762947847966,0.23020278237810196,194091
12,7,1000,1.5933550973749562,0.3631604557915083,0.446908967653109,0.08697206543308156,194091
12,8,1000,1.8235292118957747,0.4182401203348004,1.1625316085741597,0.22643755644013594,194091
12,9,1000,2.965014314175525,0.7064727710463286,4.145994267763634,0.8053168006288858,194091
12,10,1000,1.391598540719986,0.31505214442005647,0.6213304763002775,0.12056891163380275,194091
12,11,1000,2.180728956340182,0.515602458629295,0.6277005768253849,0.12293653958500926,194091
12,12,1000,2.1678646574257474,0.5127189599280332,0.7649391587010932,0.1487959312288886,194091
