layer,head,documents,initial,self,previous,raw_entropy,normalized_entropy,trailing_raw_entropy,trailing_normalized_entropy,late_max_attention,late_broad_fraction,late_effective_support,initial_removed_entropy,boundary_from_boundary,boundary_from_other,boundary_from_exposed,boundary_from_far,first_content_without_eot
1,1,1000,0.09679245659970545,0.02601064765462341,0.0463069261002171,3.6282263722623527,0.8608071226864792,4.125672807250363,0.8029356308268343,0.1020121605943739,0.6164089258738064,58.18852142132446,0.8732020976405668,0.011500839178246678,0.008855517494374307,0.01850391724896574,0.009653720839531654,0.060556613393150154
1,2,1000,0.0014616470162201022,0.8319106865670165,0.00415361512698165,0.4711742382770598,0.10827983757249765,0.06790325382554067,0.01373599327720919,0.8104076115750656,6.810035842293908e-05,2.0569705687018893,0.11578604833438672,0.8629665967598558,0.0025363135817564083,0.005220804210730224,0.0009406616081118748,0.0005299292545746677
1,3,1000,0.12021066602087803,0.05183866941449893,0.03628726360431685,3.6751647405224177,0.8659841159987447,4.293665772911963,0.8361756370513158,0.10270967132231083,0.6347829743145998,64.28556963263806,0.8944919339176961,0.01243114911869634,0.008459420153692032,0.01749024118956034,0.010238439923708166,0.05795030866794013
1,4,1000,0.002895241685010914,0.8497581931067527,0.07594809522077571,0.4235813402470813,0.11087250776125311,0.022737438883210417,0.0044358053020388975,0.8710363128464981,0.0,1.7433261401582667,0.09653629207595511,0.7245077219828964,0.0008426693562136026,0.0018547409155486004,5.011741847016549e-09,0.0036714714420215226
1,5,1000,0.01430723916350539,0.575760600950069,0.14401638999154362,1.2648984272891526,0.3233827896359387,0.1278885594411638,0.02510083325819767,0.6301398473100879,0.0,4.364463471902529,0.2842686626617451,0.5213145532160998,0.002717643448066458,0.005920501719237746,2.2598976653695826e-06,0.016158968898803392
1,6,1000,0.01584349123473177,0.6380019087824358,0.005137332573912657,1.0880847359897443,0.2554833087353702,0.7919830897632405,0.15672487167784663,0.6529373395447233,0.12156061742544193,12.59189865404988,0.2559608913138335,0.6385517748966814,0.002763426159118552,0.0054232694178562935,0.002201784348571114,0.012660554834222236
1,7,1000,0.05298725041955852,0.03766441774895636,0.056897969658945856,3.4830683258630306,0.8301068693895414,4.25969552169394,0.8287299533688256,0.10955025216544076,0.5247285092211451,49.00577117361575,0.8297796931313591,0.00113715371255239,0.002499844632407513,0.005221604994444881,0.002456272828444494,0.050919227317451986
1,8,1000,0.024908792879224095,0.16977277250136869,0.29922047839601,1.878708472294939,0.47367925662727883,1.7187343555367502,0.3359754162592317,0.37808521117634314,0.0,7.077091150790826,0.4238519704570773,0.2801420722603798,0.010646930677599826,0.023365185206408703,3.672456840221009e-06,0.02093949987460067
1,9,1000,0.055756946392018114,0.07945437432416472,0.05114701065880365,3.5226369713773336,0.8387760423073153,3.962739396369233,0.7707168080276214,0.10831691615367725,0.5569203143373294,52.066934070367466,0.8442136681850712,0.24169169435277582,0.01337777830959801,0.028042685565219598,0.013167861077495985,0.03657229396067214
1,10,1000,0.0979508886777253,0.028162018911689925,0.04275514852652014,3.8680709944999294,0.9158953432871361,4.136787122209212,0.805342323409934,0.054516417447035115,0.9337994305594816,73.75473498137943,0.93493175651725,0.0878308357000351,0.014373175494594902,0.030246418864967404,0.015176961653627075,0.05123561861458518
1,11,1000,0.06075158127785615,0.1678739130662334,0.03750521967311681,3.5948902705660393,0.8618649043170878,4.176229820042585,0.8133116000034645,0.15856613777077325,0.20502222201604856,51.57386808411799,0.8576391847372844,0.09689636388421059,0.01209150689348882,0.02556680951317147,0.012183128849644155,0.04034292279102957
1,12,1000,0.09416973519549561,0.021842610485452642,0.024872996244198788,4.024680670858351,0.9504409779855418,5.018446878521354,0.9730963891444191,0.05210728885857106,0.8828645501306914,97.21876864074919,0.97255440303195,0.018835359958087793,0.01079838754364831,0.019970778090027744,0.016676525668444474,0.06828175598830144
2,1,1000,0.035611066722447786,0.11524218517383975,0.31722370768373587,2.083074069874377,0.5155137881866227,2.847068321751381,0.5533474115898157,0.36571127223651356,8.90725187180735e-05,9.837046785913731,0.47276588698947764,0.2992848183363676,0.007284364590495079,0.01597182774656802,6.161270102258504e-05,0.04207530469959417
2,2,1000,0.059130222218697154,0.1038082222401914,0.1683834267364939,2.5110668096728777,0.6188993010304724,2.4986745829619195,0.48759287908948956,0.23232243534399047,0.0013270210656533444,14.00884574561498,0.5733922392465253,0.28918270199000834,0.018927348803572303,0.041631787672689,0.0008097471923075374,0.043354353422078246
2,3,1000,0.03739368016984656,0.06941471208169227,0.0678382654008631,3.668762473076912,0.8700107228263455,4.663544569514718,0.9043597320298613,0.06586571599257347,0.8831364838060233,61.027318251088516,0.8660184125199405,0.08846279121050611,0.012603173803817683,0.025810788561396188,0.009259807259570934,0.033224071196570885
2,4,1000,0.44334266176683845,0.04296991152854386,0.04167762802173678,2.6275731032597958,0.6230711365564301,3.9842213913483473,0.7653638730696248,0.44003953917940347,0.1937476354637567,27.167649056939858,0.8438079073791339,0.050445811836980284,0.005721319898305228,0.012996916956099622,0.0034696912854053617,0.45010107105601116
2,5,1000,0.14702172044566494,0.07645348787429807,0.07178264455160192,3.3189931796356706,0.8020938010162662,3.8920060659930185,0.7574300800612307,0.12062214327231549,0.2857706381959695,35.33161871050621,0.8039684554487828,0.0984004442524165,0.008006925261645178,0.017504605825142853,0.002642549002818714,0.14048329882737864
2,6,1000,0.12180992601577709,0.11172464089497064,0.03305749213393453,3.3778201879227607,0.794642274176806,4.237385315279188,0.825238031518731,0.15236260883021732,0.3786046103146185,50.00699768586676,0.8158429890420011,0.5477618115358055,0.014216326623250357,0.02826417805456373,0.018696462394348756,0.08324718339524438
2,7,1000,0.17033184629904902,0.035322560768063074,0.04505198094875364,3.459390888245007,0.8094384374339254,3.9763084579206542,0.7737372267869049,0.15538674094204127,0.37083397986380046,56.2438893727555,0.8604762701545124,0.09989838578552007,0.01692916947677539,0.03481605374268283,0.03799319035838485,0.09992987820513204
2,8,1000,0.11219517808716672,0.025333613173652125,0.03438696281891979,3.8780519759080287,0.9121619083760111,4.32627488765974,0.8437949091088537,0.06601415262831412,0.8461721819622284,79.73458513357625,0.9417068857634958,0.03173480806639418,0.012493576714274661,0.02600543198604135,0.021561291972059336,0.07838859468919628
2,9,1000,0.1755221113368852,0.01932067954734143,0.025867335863630495,3.915203067435911,0.9202873212983782,4.986191735101834,0.9667758113444546,0.12950142431538525,0.23222433327204686,88.00125499683953,0.9835751869329548,0.02497203177539632,0.012686473515322405,0.02502315399113498,0.021692505176090882,0.1317070619012071
2,10,1000,0.17992666885182712,0.013359120019274055,0.02073763029685882,3.869688480576471,0.8996297420801852,4.910683593931608,0.9519833248195123,0.1179115425916711,0.3583197143146991,87.63875208971501,0.9724895815459592,0.018537196690798736,0.006500089454860154,0.012472919799883034,0.010928752484819716,0.16488460632345892
2,11,1000,0.0036774436186755217,0.06062742905370186,0.05079138399222605,3.810854384974247,0.9074110154556866,4.548948573999185,0.8869568448654693,0.04284078659483811,0.9980886643578317,66.4307360200092,0.9157048411373748,0.0551065006153658,0.009241290760887689,0.018042358718955803,0.006762931884317892,0.003168692871056119
2,12,1000,0.03352368554608984,0.6487882933741739,0.012047210145501985,1.4616328520574537,0.3527598162144449,0.5041621822558532,0.1002038865041497,0.6399997849526258,0.04946987909987334,9.196712304053749,0.34202426446748324,0.29647757932916285,0.008773426195903086,0.01795310184141745,0.012325558801627648,0.023819619844538367
3,1,1000,0.1626043853937761,0.10622920778769737,0.17059760104787222,2.277825783077261,0.5678054434276174,2.3529784048766222,0.45952383821473675,0.30029014179849733,1.0245901639344263e-06,10.853667689289452,0.5141697312706814,0.057362990063615144,0.00676810462480062,0.014876072492618842,0.000190104005823231,0.16683609841454133
3,2,1000,0.2711350346437595,0.01700214728897098,0.022688246318496037,3.365949718035877,0.7846191902681914,3.9956146715976137,0.7743461838341325,0.22120673849529776,0.15723256136441016,51.02789726536879,0.9060215311620178,0.013365629152947804,0.010200768552673448,0.020595362024848435,0.017821285662864735,0.25945205105537633
3,3,1000,0.05936140781331435,0.12017866687326302,0.5550714384601073,1.109372769955098,0.2813465673864666,0.9085710650798262,0.17718045217073286,0.6071538442357008,0.0,3.3202865400462844,0.23004217918681694,0.2703136164732277,0.006377371430278243,0.014029314569675438,1.489885473751784e-07,0.06628433641299464
3,4,1000,0.08727458394273176,0.134103866152157,0.25989448677306837,1.852423663325163,0.46626870913555774,1.1290447291396,0.21956779410698113,0.3692636417358699,0.0,6.839378443723215,0.39991358897817014,0.43910772354900834,0.009780355193207515,0.02139094740084105,7.722018318517129e-06,0.09322661384963096
3,5,1000,0.30118384694388245,0.08403499134038127,0.28979154942445107,1.5158207626822306,0.37977716451729676,1.141651330627982,0.22554704893860059,0.4602345941404041,0.0,4.945627138090833,0.32670830021789016,0.12331766636297106,0.005213470420008354,0.011425839120409318,1.141856429983365e-05,0.30099160849881007
3,6,1000,0.0940245200964431,0.13654179007812953,0.28509209330871504,1.7580490182188102,0.4412918748477299,1.2157898525677582,0.23658969742312227,0.3921712461657738,0.0,6.231975038456189,0.3723501892896937,0.19114744305238127,0.00978651832474792,0.021468718194257774,2.6692710031143375e-06,0.09110073787685773
3,7,1000,0.14202153006219775,0.08394777217427267,0.08149612528850611,2.635570772245569,0.641983096200892,1.8555924988207757,0.3631334380241078,0.24393776780083914,0.006201617853520423,17.135684198128036,0.6258980414616387,0.44778053955733776,0.04112013353786475,0.08969129050775768,0.02162477987060513,0.15580134434595358
3,8,1000,0.2652762374796833,0.057690932099678606,0.05157566538640802,3.243680088279436,0.7986850363868224,3.504666029388338,0.692166646319825,0.28249507936140256,0.029187693279707858,32.747690687524184,0.9042143660853434,0.054720861485227944,0.010233682850078182,0.020373117128193605,0.008404677541418649,0.2519970352638902
3,9,1000,0.12175109998158462,0.11149114341879343,0.26388023623941614,1.782429758409829,0.44744638989733515,1.2418004385680566,0.24256743500933914,0.39455113665628716,0.0,6.527599910815355,0.37847846183870787,0.29414230838790534,0.008690110932765529,0.019072003940007142,6.995869539399846e-06,0.12424385627335979
3,10,1000,0.08245681514080071,0.12711565697654512,0.32376530265979636,1.7544165788270443,0.4420379124337548,1.4340764457231312,0.2793667642597068,0.39771551256762633,0.0,6.190913683845883,0.373074564827857,0.27010241767391563,0.006360767651733717,0.013986979942151834,1.6709327779656129e-06,0.08910295939500441
3,11,1000,0.03507070326272712,0.1335737565520439,0.11472524461649596,2.9701687435978332,0.7306999302487939,3.1678125871985694,0.6191008779076566,0.1455245724884918,0.04911848138611243,22.94130732376222,0.6943644537680272,0.12007908369228244,0.01072325611257382,0.023392125459684634,0.0029956272152666104,0.04325671344203808
3,12,1000,0.5007412974315013,0.07623058057731763,0.06881161997648079,2.1024384637748965,0.5084804219582142,2.527938560623511,0.4856700771854371,0.48169455016638335,0.001713946020276589,9.955823798820147,0.6571914625223787,0.10138730738312006,0.005904619977799822,0.013045312295592922,0.0007471262479351035,0.4927412683603144
4,1,1000,0.6049966286476117,0.07397564292537274,0.00956629802273321,1.5499508486696896,0.3466434892305568,0.615858475120369,0.12160231297416242,0.6019938523367658,0.0030633223065501163,8.449962536984048,0.6321864966785777,0.1838823211635463,0.0069952537733448585,0.013381125435207235,0.01538894823930751,0.6234622648869828
4,2,1000,0.3605227057383763,0.060205653812365395,0.1022576930262119,1.8973740829321841,0.47096291333593104,0.8467697967514249,0.1650820937607666,0.36313480732522224,0.0,7.429177747640788,0.4579922976380595,0.21043008374329655,0.019579405080870586,0.04343286151996405,0.0060449549670131865,0.35353144099895145
4,3,1000,0.16593631465658484,0.11542619174599902,0.3437875683787381,1.433356803904559,0.3659070382557944,0.4244392394252249,0.08336477843067737,0.47866148465665115,0.0,4.5603157539301735,0.2880059569930346,0.41681646619178353,0.006678970445723388,0.014786361545644566,1.0250649091858677e-05,0.16422491898036914
4,4,1000,0.4844469781616734,0.07371646092578357,0.31890180614039193,1.0098684252134247,0.2567632959254901,0.2618980260296071,0.051088159703002706,0.6338734130311591,0.0,2.9317008024224007,0.23231245083153945,0.11549135988857596,0.0033925798191851994,0.0075413738496249915,4.2937682721314015e-07,0.47890292670573115
4,5,1000,0.560019433373082,0.014582060753181277,0.01689439416828859,2.3299998725695006,0.5224871259516771,1.9943145427594922,0.39616058716115116,0.49904274698166,0.014901983300890485,22.682903500664175,0.8860268486380773,0.10163788758544251,0.008714919580102268,0.017051178849672544,0.016442522636673014,0.5747584992753043
4,6,1000,0.42538413902513367,0.029236490515709885,0.04304719478593402,2.4438463010323805,0.5861967321555667,1.3485249470812524,0.2674705023326878,0.39481188165547587,0.031806117859013654,17.05113253335498,0.7550600218692948,0.05987313382513821,0.009964356742464115,0.02218773264190068,0.004546328914454192,0.4349998286552259
4,7,1000,0.16708544331648686,0.15223727986844193,0.2707726280416457,1.6740598083756981,0.4251447908395108,0.6615672999332044,0.12943369060042362,0.4213303504198011,6.738394368707119e-06,5.949116852851632,0.3544672822435847,0.2615056502968073,0.006734897939319938,0.014921107800562865,0.0001615270690938336,0.17294744963021463
4,8,1000,0.20276288026960843,0.11855478368224336,0.38074223442567495,1.4535724319101975,0.3672250559736829,0.463970322930553,0.09076131547964605,0.46842148708942843,0.0,4.638010258905828,0.2984859498010776,0.182164619974792,0.005513798484257533,0.012197195108965279,8.334087024173026e-07,0.19904703808346316
4,9,1000,0.2181018035115614,0.12890882042297142,0.2634260563211757,1.5522736497405474,0.3919535548911305,0.9135983912279533,0.17831309683008273,0.43801899943368056,0.0,5.088824830564252,0.31264740263216484,0.3484431002512574,0.009670580324774622,0.021478582104828482,1.083815900364524e-05,0.21536665911911093
4,10,1000,0.412326019682113,0.07511525857925613,0.15479781501617207,1.5781898821516593,0.39561130398232774,0.6134801284416203,0.12098485752359499,0.48908706223076626,0.0,5.43473284788184,0.3971271041457349,0.05839831500081345,0.008480701554644391,0.018895250054536617,0.012252983285846359,0.41647369957799674
4,11,1000,0.54339269610518,0.15571632903723437,0.07574235163808862,1.7006258459884536,0.41700637035810006,1.2475530083938786,0.2444532224772206,0.5258082419184174,0.0,6.183160673930877,0.5225561168356136,0.1473674005381763,0.004621049425627255,0.010271932171279901,0.0015581396136415688,0.5444034407944817
4,12,1000,0.2721042056556728,0.10169450308513342,0.19884631269494998,1.77731820436196,0.4457859615835186,0.8033873566871331,0.15734004390978532,0.38974035258640516,3.954175905395418e-05,6.574950157355361,0.3967260777541781,0.5070792331630364,0.011501585793525261,0.025283121752434412,0.00040304540539406927,0.2760170190702803
5,1,1000,0.3898217562570552,0.06058046254579571,0.198065592472743,1.2348315965060008,0.31190262848631994,0.37543568068746164,0.07386436425084777,0.5795600835770627,0.0,3.8406892629393394,0.29176438806235677,0.4704702554419637,0.003873294523144396,0.0084461021811022,8.888884833422624e-05,0.3920577369496477
5,2,1000,0.38850741869904926,0.061956705993815246,0.16645904667403386,1.5752337823082971,0.39320355548941527,0.7706637483433056,0.1509247019878481,0.4709909768739669,0.0,5.357894291535986,0.38226312974554616,0.08303660571249202,0.009317874559755137,0.020683594056639137,0.00030082714054912956,0.38441483757458605
5,3,1000,0.563151260317415,0.01614877726462039,0.026766893011912114,2.0488713576935975,0.4871351875373539,0.6950114886100803,0.13678455709759862,0.534697848345545,7.76554924564261e-05,10.72836030521891,0.7567221585108821,0.05947069242014549,0.02009875654858201,0.042404527025773436,0.03395163552598602,0.5638265413736893
5,4,1000,0.3337443718029574,0.06662531205797732,0.1818150278477314,1.6294442393847677,0.4098999738954617,0.27022827740932914,0.05340023089833073,0.4798016696787014,0.00010363164770314432,5.961478185288242,0.4058205111032257,0.043562029730295763,0.0021881078272871324,0.004849018522767265,0.00031427812929740316,0.3385878904847616
5,5,1000,0.570473587202248,0.050504471800476645,0.045128273074984675,2.1399097251376724,0.4969718415654761,2.207105645082024,0.4310368521676743,0.5335564943394309,2.4734684001574934e-05,13.816726980766994,0.8080413835692561,0.12423285422753542,0.007040181976707433,0.014420729804821284,0.009297877550310293,0.5647552095625569
5,6,1000,0.513820497782236,0.05621994024552267,0.13004891044933511,1.4196835465189364,0.3594090968315711,0.6637840536277209,0.13029277462930178,0.5566143950236856,0.0,4.673064449250867,0.4028191439076123,0.04736902679689228,0.005123290480546833,0.011041878276833226,0.0013323711380270754,0.5164270646906154
5,7,1000,0.4697346315844441,0.04664286943619618,0.09838490247601016,1.9914097745426074,0.4900382812108846,0.7741825803830258,0.15218234477604134,0.451547176557919,0.0009112558385678647,8.82578006833165,0.5806029494371412,0.12561815794650466,0.005434527186152946,0.012118952897159314,0.0009337294622832426,0.46696144207533735
5,8,1000,0.15909418091654562,0.4732165014477234,0.13578042567983323,1.7208836721032894,0.42942613844665367,0.18716356549193552,0.03700943138187745,0.4848450531620103,0.0,6.3647025574079,0.3672035515347297,0.7225715714767575,0.004435882667553383,0.00977419992395991,0.0026903119317506123,0.16388799492572967
5,9,1000,0.5650153363082598,0.01883163282058701,0.023167145817090194,2.2598582967474976,0.5129529472933491,1.3947976396157442,0.2743085842093143,0.5111019506881072,0.02071343501509658,19.849637099734675,0.8691663282940185,0.028793129749014042,0.0046616103174853775,0.00967101314255205,0.007197840143414649,0.5501126919017063
5,10,1000,0.47447274472631684,0.0335760743489733,0.08439984731971654,1.7416256322928878,0.425660200746108,0.2894138410221499,0.057039354768486275,0.4904543072763561,0.0002957508011483756,7.17213503814147,0.5235781571567694,0.04221274215320591,0.0031055292045141813,0.007060131372089988,0.0008177168075766581,0.47502592005156846
5,11,1000,0.606115780639688,0.01827346044550515,0.017147316197957715,2.117841567988536,0.4832021741286182,2.8122969269858955,0.5497511698722156,0.5613454701142909,4.970708797651508e-05,14.293323458892038,0.8667896440638693,0.05463934613391757,0.011217473823266088,0.022536264662057867,0.020556766166805716,0.6148614599485073
5,12,1000,0.006512299933663324,0.004479392001565854,0.9891794622988614,0.016980798250669983,0.004188674308731419,0.005872072550335588,0.0011303628491944986,0.9908090575011183,0.0,1.0270856077132158,0.004785353588720865,0.5004838177649179,0.006580068767407407,0.014370786399197526,0.0,0.006519998557727368
6,1,1000,0.7253170057708919,0.013849903224370966,0.01617858274242486,1.1231994898711988,0.2508654240987425,0.9837257165101446,0.19294371401464264,0.7124045535054933,0.0007901664919048042,4.816878694369896,0.6073963014795755,0.02098391834084032,0.0024151365738339175,0.004681384281877889,0.007930765136961518,0.7181025511060336
6,2,1000,0.9090639402453221,0.0031307864987149686,0.007036075002593686,0.212039663747396,0.04640945918056792,0.22916805943450946,0.044055245362959926,0.9254309637389772,0.00011262671525569427,1.3886770955719565,0.3421238460089549,0.009613930608255033,0.0005923223569475436,0.0012048095239347648,0.0018808402987977437,0.9084896618801627
6,3,1000,0.5303765390969295,0.019775016276600815,0.12660057754604095,1.4272118558284221,0.3564242630199822,0.24241275553778915,0.04800062170885066,0.5681662493773358,3.3869784800206325e-05,5.133769477811952,0.43310382565276195,0.014813106930232607,0.0014188779075951557,0.0030905031450076835,0.0002513879064945989,0.5267054145199402
6,4,1000,0.3695030099903389,0.03359339224765038,0.07467051092649152,2.153763453786423,0.5286382226354013,0.7498428598093324,0.1474327069384892,0.36314015412659967,0.0007790492158054146,10.591143348988798,0.5716221216313543,0.10241578733775532,0.01436538020911371,0.0315361404714544,0.007312441147211526,0.3754155617268154
6,5,1000,0.540004108609216,0.0473031546342812,0.12304057769903651,1.4440637507861676,0.36016758069029303,0.5760127983014915,0.11369069516740293,0.5616876175902057,0.0,4.887812670017605,0.4354450971476167,0.030031156280601864,0.002116696142254008,0.00472486526106668,0.00025308123030515456,0.5377151645545188
6,6,1000,0.6830383103398073,0.011243634077971017,0.01216796612901982,1.1478477983738657,0.2573845447291654,0.528575532157385,0.10396439654570801,0.7087955771115229,0.00014274584807935333,5.2303891575260995,0.5966420723973467,0.04624189984460827,0.0067595831621167935,0.013614576622206366,0.012852026927368627,0.6898255750215653
6,7,1000,0.7179975435935678,0.026380078149044528,0.21190156584860437,0.7104360539846785,0.18339795062897202,0.7312170542403353,0.14341385019118563,0.7599616057708789,0.0,2.1397756408796345,0.23015874777110246,0.0682968756724149,0.0024184506981167653,0.005177773807483538,0.00022329383049017308,0.7147393101651969
6,8,1000,0.71289677680919,0.031982091678644325,0.08884028192699397,0.9150425369219363,0.22834682849555446,0.21345844933914668,0.04212801982874384,0.7484481395390585,0.0,2.879020209352749,0.4301569718274088,0.01220863927033497,0.0018207656221216196,0.004127726937130984,0.00652476751801801,0.7115384575497447
6,9,1000,0.7499469922053852,0.023680903790453876,0.027590091783025426,1.0072217529800593,0.24457964197123164,0.4535752389124399,0.08910217794170305,0.7430317396988853,0.0,3.2050829118491877,0.5133125242857625,0.0216528515429236,0.004733094320102155,0.010233497257849842,0.007444921947132913,0.7496917796100366
6,10,1000,0.6400732066455213,0.008744351054876011,0.016369957903671434,1.9930849643521649,0.4532002808279128,0.951140533976977,0.1870174919220887,0.5971991897121488,0.001401674175577126,14.011915862201521,0.8845091329391307,0.03800189901998965,0.00530995672597848,0.010900956151313613,0.010579247219479483,0.642921345657026
6,11,1000,0.3182304417421749,0.04193758122511268,0.060061913741148804,2.7249675012657675,0.636994225839944,0.28742833448771843,0.0564906932221929,0.311397940673569,0.04322179671718339,26.113615285672218,0.7638300310446157,0.057873048146197106,0.004642304907067045,0.009699553116745736,0.00755586910043309,0.32782304792925726
6,12,1000,0.5564428459104583,0.1087128497743735,0.03353353938939094,2.0415323837251433,0.47976856263136924,2.9951754026555735,0.5866712951025324,0.5250248194413514,9.389365946742997e-06,11.540065975370165,0.7504253267871455,0.09266764118149877,0.0051952297151047705,0.011123596877406236,0.0070920835162597345,0.5568385346770781
7,1,1000,0.32909422820570605,0.03401765549066843,0.15190487479010462,1.830363632122093,0.456091730287278,0.319571689082398,0.0629612282890045,0.421230005940267,0.00016713801242200364,7.277099782840514,0.459097487717922,0.033286870827898385,0.00493802950895939,0.010674689635445968,0.0009437709171381244,0.3348208831665987
7,2,1000,0.7903640429217805,0.019785833450341857,0.05098747409441921,0.7609030992641822,0.19062765161034811,0.2532682545362509,0.05024388115635693,0.8095284367922322,3.8507702605990555e-05,2.6676719984326605,0.47297653005983764,0.006936472621455323,0.001292137342704572,0.002797876312016015,0.0024201730732080007,0.7922846974002062
7,3,1000,0.5309285377213327,0.013708038947779834,0.021463051698985283,2.49630240608098,0.5704020471263207,2.643651110745863,0.517193771646908,0.47377931916852584,5.1589662145169766e-05,21.098506094254674,0.8995412922987474,0.06018515131878666,0.013503166466352674,0.028201775496706126,0.018908486863987203,0.5328274350114036
7,4,1000,0.6649134451784805,0.016503606796925,0.029165065805471752,1.5233301512587856,0.3617423645947714,0.32425491310494,0.0634713332368098,0.6421069960970905,0.010334604504820667,7.815264505280598,0.7110032811022265,0.03742820169171318,0.003069175880909741,0.006616084445366571,0.0017918725050859172,0.6666025869679525
7,5,1000,0.36019752347161377,0.029723431487035868,0.038520250472447476,2.8239320501615226,0.6674939288527291,0.16626653278511902,0.03258371616244345,0.3345314487016378,0.03269406354789243,27.605892534952524,0.8264493436262265,0.1115765847453149,0.01011929059983001,0.02141376118124174,0.015834501794854065,0.3733327653389949
7,6,1000,0.6260932034548056,0.06047960465293478,0.06195126562533166,1.616288588146781,0.39422773982486303,0.8255305812990521,0.1623500872468528,0.6087905726514118,0.0,6.127928710001545,0.6109531865930145,0.06634548984537833,0.0061804036143266305,0.013499946782779541,0.00817757525261572,0.6222705706011216
7,7,1000,0.5961885506137851,0.08160416656324693,0.026527775060672058,1.9971852777138979,0.4610410522331091,1.5857828305368202,0.3080659419608888,0.5561024798013734,0.0006920280797140982,12.367684514231874,0.7790957077994235,0.06274985260283575,0.004815905459073118,0.009812507527759098,0.008989784174491361,0.5966801637616056
7,8,1000,0.4417669596989397,0.03977963053097497,0.08426526453793784,2.120165662628888,0.5159681055725789,0.6480893907657059,0.12706995421104067,0.43072915917594945,0.0085595072938776,11.193900439880446,0.6365996267841088,0.03615132484061178,0.004986684551496605,0.011205510233243388,0.0023082078354653896,0.44427520521809183
7,9,1000,0.4817468793067413,0.026416182894303055,0.2638227437600079,1.265948167628415,0.31870072841081226,0.37397483934894116,0.07379868432317369,0.5804338961553869,0.0,4.006418700025269,0.3390725667253755,0.06045934893531375,0.0021603232652450156,0.004756057257985945,0.00014964337711509268,0.47710339149487646
7,10,1000,0.8638207952511643,0.004410000029109951,0.007815104297450217,0.44107371845263005,0.09660774742655838,0.38120794251592316,0.0734515364751517,0.8765440083975982,7.693735333909739e-06,1.9392814900159423,0.49802776395033305,0.003711481225753232,0.0013675540105167806,0.002756596258478206,0.002945184431061713,0.8652655641834104
7,11,1000,0.7012355047136898,0.013232564853699837,0.013612952950749059,1.671246155851928,0.3713601306125801,0.27315132417577886,0.05358304158872575,0.6594630934631202,0.008980404903615236,12.333265827933305,0.8628509829208925,0.02122125645892811,0.003635395070099867,0.006928962146798956,0.008084085068291483,0.6982273806671119
7,12,1000,0.5369119707204585,0.0394396067829173,0.10873955688174668,1.4757397005297823,0.3651204476699344,0.4728164875026301,0.09344611298998862,0.5486904060756215,0.0,5.222391457019275,0.45497051428275714,0.04224429472986958,0.004143300143016138,0.0091196647549974,0.0011038317838227534,0.5368054157458432
8,1,1000,0.5253020607370809,0.02760604774016154,0.22778394759168175,1.1177443532969744,0.28548339806882017,0.43151231866939943,0.0851374590887097,0.620507334781335,0.0,3.400343374109232,0.30480727085867426,0.15198829662462232,0.004974284240406494,0.010787324603492777,0.00011976361363422197,0.5234318497653788
8,2,1000,0.667068144206465,0.015015339894454477,0.015171026311744239,1.5671450834241396,0.35185570610285266,0.08283299662872287,0.016235215733590307,0.6370969066035046,0.009375665258699829,10.93573300749727,0.7535686202024745,0.022526943751741784,0.00509772390710668,0.01054888060933328,0.00902402693601443,0.654005174563511
8,3,1000,0.9281307189152044,0.003276899570512351,0.007376222333859766,0.3047638278920618,0.06549047226048521,0.4556332727427871,0.08711034851537881,0.9272274129603431,9.601716746434289e-05,1.6720958116461906,0.5794657806218426,0.002085735109554662,0.0005106625072323705,0.0009965287668941439,0.0017152789582531196,0.9231216540640353
8,4,1000,0.679835529970578,0.039685632650919206,0.05166533013669626,1.3608773443880149,0.32820036137053094,0.5301447688104601,0.1041192638624509,0.6638630605234614,7.518796992481203e-06,5.139914933399062,0.5932788291833033,0.022285122468485498,0.003087949432967878,0.006878567404687878,0.002594137014653076,0.6741515294322133
8,5,1000,0.750397008587862,0.013864385222742637,0.03970083039788098,0.939977821864635,0.23242181965009595,0.22742733594050116,0.04491103155542198,0.7570913501758906,0.00010954565784676539,3.595152500578891,0.5194991641339143,0.017427318966132588,0.0014477367984446305,0.0031110135147580102,0.0006825817660432688,0.7484960896156889
8,6,1000,0.4442898077934575,0.02469010663496813,0.06144138463794889,2.247519268293333,0.5355307782126059,0.3650193158576774,0.0717284041587343,0.42878660194781926,0.0029059604881465067,13.78893967738897,0.7033331797845096,0.10480733754782705,0.007629628753826062,0.0165660897236661,0.00773476194223085,0.44351370214631297
8,7,1000,0.6182943428084884,0.01481901034216801,0.018577279208865483,2.0831464272381433,0.47501123048930993,0.43631739594977464,0.08539046139223962,0.5736956542150295,0.002560282539868154,15.929373238080599,0.8836766597121054,0.050959709032438696,0.00660672893841295,0.013625003714349887,0.010335442920177223,0.6080142376845945
8,8,1000,0.7525838940702729,0.010701426369991204,0.01623960810492481,1.152818935749652,0.2572391621168135,0.2796824539655192,0.055046925464771516,0.7306888096883397,0.006724293990428496,6.619435258048051,0.7367651488204479,0.008535322811851074,0.0032258363306395853,0.0065682641768522315,0.008587996644220278,0.7366062813260088
8,9,1000,0.5649058615329473,0.02970013178854122,0.12831444007241066,1.3011752910113228,0.32548548819111683,0.4594441516123876,0.09083676843080425,0.6180845094207117,3.2730958500189266e-05,4.584775894894727,0.44085194685265766,0.0139855440269057,0.0016723248788189547,0.003773409178268439,0.0005036632199780208,0.5662893548744672
8,10,1000,0.6912349368543288,0.02255743916797668,0.04597647007319688,1.192732203086062,0.28792483412515935,0.2525173811614533,0.04981946691906796,0.6807040165922718,9.345794392523363e-06,4.403921589527138,0.5235500430079439,0.02458917446756095,0.005965295483350918,0.013427876996386765,0.0025321348089821986,0.6869135522483427
8,11,1000,0.8255515291927299,0.005392346002386688,0.010104316442775147,0.6214698899105567,0.13688027833441685,0.20496314239940988,0.03988533140851956,0.8454678407124784,7.70444670428776e-05,2.778739826546006,0.5892592528006746,0.0035278044727785982,0.002561857963981061,0.005223327884776743,0.005333983096717086,0.824085499580362
8,12,1000,0.7873750363276865,0.007674888553278228,0.011852261963996623,1.000656723174708,0.2204952211252782,0.5859602051247352,0.11351338061072622,0.7687543775828876,0.0008020746329383076,4.458550135104255,0.6853915141012372,0.009918540863101953,0.0060873997456427345,0.011693811546804996,0.012409366204251409,0.7875346452829863
9,1,1000,0.587384427726438,0.027280199988818185,0.025077734418804683,2.140963672865975,0.4978419422196452,3.2247205171341555,0.6263336320862481,0.5532921398096428,0.0,13.333888948639473,0.8390369660048509,0.07210222117602826,0.019740638073636574,0.04048727093762347,0.03975697484904261,0.5902703776703806
9,2,1000,0.8235162301344919,0.009208405149006374,0.010758929809352407,0.7895535489414638,0.17577103447748096,0.7457122286376657,0.14490434361729343,0.8128927895173726,0.0005362590610861517,3.6887675114791847,0.6658261472451058,0.008893911088211097,0.0020134935907107783,0.004114470639169749,0.004949353382655431,0.8215972923324341
9,3,1000,0.4099452322168767,0.018059988332624635,0.024120316181805223,2.746982825509705,0.6360040149337187,0.5077492540887734,0.09884891074438779,0.3640865602341175,0.11923693758943665,35.34711283224844,0.8759086746671902,0.05796563047223026,0.015100226949985796,0.030967893481347226,0.024234823462571855,0.41750322127805695
9,4,1000,0.6287900277458568,0.017824602942406648,0.020654230303174002,1.7132306489318399,0.3977468860787723,0.7638367725865726,0.1490731034290516,0.6003395962649243,0.009833703067280649,10.537543135731783,0.7600316615263016,0.02926612908532843,0.005685578973525913,0.012138283197641904,0.009306430508602517,0.6269317482041623
9,5,1000,0.7146420745555676,0.031145941146202914,0.06884206826078154,0.9694203966853151,0.24145859467338737,0.4400408620843641,0.08648343336133135,0.7312123629602193,0.0,3.209486408715225,0.45252136485226047,0.03316753699354012,0.004088386568707797,0.009145342397632454,0.007021229516857792,0.7105353170470677
9,6,1000,0.4478398626387702,0.03677692916595948,0.10952474818291219,1.826737907787731,0.44972265643797804,0.623829914051329,0.12264037701580154,0.457735722476869,0.00020901843651638198,7.688819626105043,0.5204378823097591,0.11323085294396151,0.008331323022468744,0.018396246553282782,0.005185994955262471,0.45097512591717065
9,7,1000,0.6726739117184095,0.021172922847018136,0.03225032314576452,1.400181836102936,0.32167302693518596,0.672848250886872,0.13103746060131596,0.6647589949624585,0.004341708756217284,7.731701840251591,0.6964195211335734,0.030034997485854545,0.004196610401232679,0.008704648737501073,0.0068917242769944605,0.6645989009527548
9,8,1000,0.4875020481134302,0.04988270331755106,0.19372843265385722,1.2581465991808458,0.3182879298510408,0.5683164403400983,0.11205345750986066,0.584273412515598,0.0,3.971308236659488,0.3469750390065318,0.05980424461851362,0.0038519199933724126,0.00856869370990674,0.0005037429069842631,0.4846672967398944
9,9,1000,0.5355230416468296,0.02602069740818266,0.046557679143954166,1.9175751842359299,0.45483233180538685,0.37395972829710616,0.07348782080089515,0.522522819029973,0.005444151791126492,11.67573647155205,0.7106991945691175,0.0768525297260494,0.00621474697755707,0.013781449706093721,0.004259009870501689,0.5317685982156859
9,10,1000,0.6381180680236374,0.029584539949006332,0.032055890955239676,1.7958843281550074,0.42382678519949646,0.8528811854072412,0.16607673682935217,0.613817875523954,0.0023786599128918086,10.548995268648117,0.7916302737778697,0.05714520588284358,0.004433670480973323,0.009697492632636685,0.005352561348576381,0.6318834883679249
9,11,1000,0.5821172173324836,0.05665727126915874,0.03895429801148533,1.9290417644886657,0.45936494815765894,1.4358955586493056,0.28055864789944623,0.5549734379258893,3.4129692832764506e-06,9.644844724513751,0.7289359778520956,0.04477523568412289,0.007782940149370402,0.016744022127356713,0.012656179126523014,0.5804488717643058
9,12,1000,0.6376064088253697,0.015443658841948192,0.027675293145187928,1.691670348153809,0.4029297224461493,0.4728332049684794,0.09315137005079928,0.6259112020993809,4.0677711584707964e-05,7.968953698423309,0.7480319868807439,0.018535868202379787,0.006432809343163584,0.01343386296873496,0.010549558093401138,0.6391825708385898
10,1,1000,0.5614678769790834,0.02429288757057884,0.034665434273159504,1.7937738146891893,0.4217106141588523,0.20984372699808682,0.040909376056686854,0.5562537387791076,0.0035950940079650133,10.395667017419932,0.6927529947980028,0.020613789460781844,0.0020903998422271064,0.00435545688421939,0.00326087785424887,0.5601287422183674
10,2,1000,0.8038251160088896,0.009856346496086122,0.012973744525833485,1.0102102840685148,0.22382991135827932,0.745659022530295,0.14510428225585184,0.7854391937788644,0.00014036516842305308,4.798192878798051,0.756631846073344,0.013509100622788537,0.002247656688788443,0.004495956134702068,0.004090269069118161,0.8000724611867092
10,3,1000,0.6062990073125963,0.01493741328084939,0.02321643776615298,1.7742207822017075,0.4124286726975041,0.20815112942640587,0.040917480046875475,0.5823723069390042,0.010686247454447998,12.13327792502923,0.7641168534305981,0.020052809230859565,0.0028783379956790053,0.006035234339080809,0.0032437150553156634,0.6068762431379404
10,4,1000,0.452666844370945,0.048436576495793665,0.18501824558175953,1.5885414580120993,0.3990089034027483,0.8761430120050115,0.17170724098810633,0.49936189224685124,0.0,5.548916065481398,0.429842075604705,0.15381664881692267,0.009476568759982961,0.021008247532051917,0.005566397481754158,0.45132406308046796
10,5,1000,0.7620746697656923,0.012474238097613007,0.012730706411407403,1.2235707986134885,0.27570906423984787,0.5569862383656027,0.10786170068672302,0.7310345900942609,0.004596015153713223,7.399674546322612,0.7782171423706629,0.12775975453857974,0.004937024700417123,0.01009354497014835,0.009489503298972655,0.7607773707935244
10,6,1000,0.7023549314508728,0.03382219286571567,0.024644241269246473,1.599915885969281,0.3735867727040666,1.5672660713991282,0.3031999258911903,0.6793427410341103,1.901674612916644e-05,7.480383027326985,0.8167354343502841,0.07909626316837967,0.005824755835984782,0.01155353769115093,0.006769610469448029,0.70030656014291
10,7,1000,0.773506290375722,0.005106538663722031,0.010560228941372029,1.0425218854381282,0.2337492125620554,0.19846242623241472,0.03854089499826093,0.7509290242847011,0.0005776530508181571,4.617838599534954,0.6857634950693923,0.010880576344337896,0.0023587522755551737,0.004769462850095224,0.0025101256872071317,0.7783247105308088
10,8,1000,0.6418345993178793,0.017708961886708723,0.027629646393007537,1.681368360272198,0.3947384538563138,0.3509020888765475,0.06889496781906365,0.614567255771695,0.0021759550192286896,9.016585163027708,0.7465879904805579,0.03237574319751002,0.007018109863854395,0.015023634727779565,0.010391883933878809,0.6350685749422083
10,9,1000,0.5189692354813262,0.01593690811793377,0.028595942664914352,2.033370129668249,0.47723755945328095,0.21350986200395244,0.04172326478288823,0.5172779891760159,0.005684464057712377,13.023698947166503,0.7537037449791438,0.017426533062980525,0.005023422854234774,0.010486499278537143,0.008964794499298616,0.515110878529699
10,10,1000,0.7624673453814612,0.006345840695139113,0.009940493146149485,1.04921934034081,0.23349542904154216,0.19345439382578114,0.03760855504018511,0.7450960975276175,0.0015329798563896721,5.425956274615302,0.6884084151131857,0.006925384345668135,0.0019099287004960095,0.003885780971276324,0.00349857897226288,0.7698156201370234
10,11,1000,0.6623969025292704,0.030809528238275683,0.08015237143561325,1.0730433550365612,0.26494766405969467,0.3929254391246958,0.07731154686628683,0.6890295920476587,9.838673028857078e-06,3.7530815468228247,0.4505807961201416,0.02855336777298362,0.002567527971223646,0.005742420181510495,0.0007830123406218347,0.6585732408078734
10,12,1000,0.7254875992883174,0.0070789166949407414,0.011264765030228224,1.3727559597410524,0.30171075182953805,0.5999093640154363,0.1167860439486951,0.6909900562419965,0.001806655135683585,7.6275601659377665,0.7583807594809499,0.028293133177328855,0.0060222081119384666,0.011812521975343285,0.01817295940698116,0.7266901796737872
11,1,1000,0.5517107652312278,0.012287808717434356,0.019592872095093264,1.813512380647261,0.4222561634011094,0.1694353497443002,0.03308248812274748,0.5382777610933956,0.004199467736818491,10.268705922055327,0.6905951396144118,0.005449332171197966,0.0015595393483926365,0.0031694343257890178,0.0024890312501838273,0.5549754495376034
11,2,1000,0.7116281319531372,0.009304249687804238,0.011562081590464105,1.2577496328316302,0.28391468553506466,0.3181925370617189,0.061732337587793604,0.6927491113629878,0.0009689087568362647,6.228876752316755,0.6833469645445561,0.005789556405325129,0.0010715353034381088,0.002168317896206882,0.0020695081126636595,0.7200004437334486
11,3,1000,0.6826905893213095,0.011482619646726854,0.01314722204895209,1.530051895974773,0.3444708729023866,0.6487337772978202,0.12622740811087796,0.6460131131628299,0.0023366654930817043,9.043400324613106,0.7560637281928131,0.06869839233675157,0.006604840149196861,0.013195492941993132,0.01444350043542878,0.6845653221626901
11,4,1000,0.516967776942,0.01783552114912555,0.022272509581237884,2.111853982802513,0.48571076180407624,0.45637740425013235,0.08912333301199829,0.4865330523677703,0.0076497814224352,16.006146873141397,0.7597204207699972,0.06606568757358945,0.021779489722423825,0.04394807809717621,0.0391880823072703,0.5183979097122798
11,5,1000,0.4952688562431569,0.02242092996065613,0.029314712390806838,2.21406517685884,0.5155967243391567,0.5660479644969341,0.11061833499675808,0.46854761207686774,0.014364976365385572,17.60429380172951,0.774641134348529,0.03978394666244276,0.018488370154205756,0.03765043578335497,0.043812158136920465,0.4969159474948206
11,6,1000,0.7430919808276992,0.025030847107438806,0.03842950168264647,0.9836217027693601,0.24209018270072705,0.4059095467767147,0.07975507721342967,0.7478576973283292,0.00011007778539695359,3.8900041693017533,0.5658991030428122,0.09836490318016149,0.003966719990444509,0.008650057105186548,0.0032211975142032337,0.7426027064920424
11,7,1000,0.6778603110757834,0.010534950327561875,0.01477196648822436,1.463996475098007,0.3360367452234115,0.3071197868039412,0.05982090177776623,0.6519552404295459,0.002526818168588477,8.006837095146357,0.7249217854148187,0.014750312714651954,0.0017765320341997517,0.0036476554596390127,0.0030160838584166426,0.6823243923233303
11,8,1000,0.5323280794464937,0.027625388830225642,0.02571903868188753,2.0017129466884698,0.46013581287591215,0.6288971865736153,0.12131731835894065,0.5163190557367584,0.011711161914254939,15.281220316219343,0.7481204176594745,0.042573499900870955,0.008062847821210717,0.0164945854510142,0.015171758300874905,0.5239564238947498
11,9,1000,0.7275822134795087,0.014583470572953434,0.012289213310865726,1.4376254933941086,0.3190096720096292,1.70727115143024,0.3304416336329814,0.6899559617875743,0.001891925275613056,8.184584231500867,0.7817425677474032,0.05851405285450164,0.009175273521590564,0.018189665810760102,0.01675640063466996,0.7285590627779287
11,10,1000,0.5913559964084208,0.06107107021692322,0.09363470889356189,1.3303096204698317,0.3309706236675646,0.5357309522634125,0.10492040715999061,0.6217126416955495,1.3262290243145816e-05,4.852203013139474,0.4717277567180655,0.16938007417693735,0.005328829366082369,0.0117527258411338,0.0037576792656346435,0.5923623428510001
11,11,1000,0.6759739906882524,0.008952229238471233,0.012695111761072877,1.476959015134698,0.33852786309947025,0.6714211266033422,0.13049385277170938,0.6505063057383175,0.0019158655054279528,7.615902533317303,0.7435549451710103,0.009627265716611873,0.0033058390158905524,0.006663685054812577,0.006025086475136,0.6836472179133505
11,12,1000,0.578667162514947,0.03516400940197318,0.06209756499571659,1.5728692298995544,0.3684762729887381,0.3946760113431592,0.07684765954310709,0.5962915745621516,0.006706330303251025,9.183947689043517,0.6389615129908214,0.04156978560882635,0.0057460305833917915,0.011755396756011713,0.008685133170596169,0.5744903100019052
12,1,1000,0.17142214629811392,0.04586756986790736,0.03311772189656546,3.519183018629552,0.8364544258631974,4.100794545877711,0.7951073668065394,0.16618650470889257,0.5593321426749642,60.81422817830226,0.9010720816533666,0.07239782165468205,0.01662768493187631,0.03298090670886886,0.026979245949807884,0.17210946618850634
12,2,1000,0.5890753925582224,0.02125226841841086,0.018772923212723582,2.009742787229268,0.4627909979757702,1.2795523885386337,0.24896235551694507,0.5522578547978697,0.016336749293233692,17.008377653912788,0.8404619661097594,0.04123213097409825,0.0045194733663756455,0.00909800383811109,0.008022625836564328,0.5860373436243479
12,3,1000,0.6293980944597068,0.010792472421965038,0.01422163593639233,1.7828188360088166,0.4101675717539051,0.443805302534624,0.08678983083955986,0.5919646110499589,0.00608146745910757,11.687114434324185,0.7878933178157835,0.03727904333267361,0.004436739415913551,0.0089349307963739,0.008572091669496323,0.6315811915755878
12,4,1000,0.5509634488511164,0.03157240081623119,0.044819999650549294,2.0013540757331056,0.4841160619477365,0.8990527373678298,0.17628546581631213,0.5451220112855296,0.003989278275639455,12.723897770515418,0.7701739933611766,0.08383198561906466,0.007436364002966373,0.015844371800858976,0.01089127488192825,0.5445102420267165
12,5,1000,0.44855762958074147,0.023998770828108654,0.02055346603147315,2.692393934557929,0.6231810693033535,1.7796585940111391,0.34568945345660995,0.39816247348642797,0.013714198948676194,27.229190682015435,0.8678991197323287,0.04351131796301343,0.012069717711542414,0.023906826218417547,0.023437571812795172,0.4477166266169524
12,6,1000,0.6654538240673666,0.01578328032001043,0.013108269491648498,1.690405501924909,0.38525311737700363,1.1869762947847966,0.23020278237810196,0.6289350940142212,0.003600467753367953,11.387301539269178,0.8144264574073884,0.04701022832925082,0.003702080895980785,0.007487601587543372,0.008121489105640204,0.6618218984204264
12,7,1000,0.6767645499320932,0.008658660074627327,0.011746886231436481,1.5933550973749562,0.3631604557915083,0.446908967653109,0.08697206543308156,0.6396239557876306,0.003914390721660478,9.541568186758635,0.7890204508843376,0.016232598274975318,0.001992461500456497,0.0040436052993702955,0.003938141219010618,0.6797410506698364
12,8,1000,0.6313559801916752,0.021403222480930566,0.015452845972264888,1.8235292118957747,0.4182401203348004,1.1625316085741597,0.22643755644013594,0.5928345332612903,0.008584186305750944,14.088217657661422,0.8152354206341402,0.02940001876454335,0.004915920683342755,0.009796653270848858,0.009344984938939038,0.6255096218791044
12,9,1000,0.0001329418678633586,0.14898151970260148,0.09788963249236321,2.965014314175525,0.7064727710463286,4.145994267763634,0.8053168006288858,0.21319811859810528,0.1478593249857387,30.602667272897072,0.7062949311076593,0.27531428782772854,0.01045703621109747,0.02179787916800125,0.012841873418949079,0.00015001462358320793
12,10,1000,0.7121607424455461,0.008380813904517854,0.011342700281961627,1.391598540719986,0.31505214442005647,0.6213304763002775,0.12056891163380275,0.6821158283921285,0.0014422329527510596,7.548739695138438,0.7518895306293236,0.013313014085477335,0.001367161807372713,0.002746526978585458,0.0026291809132129636,0.7129420832804065
12,11,1000,0.47145362999669266,0.04566578659631996,0.044076929767099274,2.180728956340182,0.515602458629295,0.6277005768253849,0.12293653958500926,0.4639953737885025,0.023788917716944573,16.961268184823158,0.7505146905201154,0.08555457081983332,0.007319542938755141,0.015109022359985224,0.012803184070012824,0.4605190818636959
12,12,1000,0.4508609544712281,0.04370184772096979,0.04532465589490741,2.1678646574257474,0.5127189599280332,0.7649391587010932,0.1487959312288886,0.4627650630403007,0.01692369683215194,16.502768778439656,0.7306273555309934,0.24117392495681844,0.01563640232532884,0.030732360143566565,0.02846063661816561,0.45183814998312033
