layer,head,raw_entropy,normalized_entropy,trailing_eos_raw,trailing_eos_normalized,document_count,query_count
1,1,3.6389993081973926,0.8615470713094858,4.107368125549475,0.7979630043997378,158,30407
1,2,0.4880931365401593,0.11206953342512341,0.07585817683423034,0.015307349878659497,158,30407
1,3,3.683446529438704,0.866522548905292,4.305594604937688,0.8367748185891088,158,30407
1,4,0.419403862645546,0.10976527781462031,0.02142977450762099,0.004166981372297116,158,30407
1,5,1.2637739109807595,0.3226534206343877,0.1257640011753794,0.024677727258390257,158,30407
1,6,1.0994391471322484,0.2579518965479926,0.6979133774399825,0.13739917443446129,158,30407
1,7,3.4934506983731333,0.8309517547369593,4.27045258892891,0.8293020972251282,158,30407
1,8,1.8838291851106215,0.473631959347995,1.7255489362157042,0.3365360872558481,158,30407
1,9,3.535313895299881,0.8401644421755214,3.966106232711116,0.7697704278683848,158,30407
1,10,3.878163585325387,0.9164292952346914,4.150186317694274,0.8061794893682216,158,30407
1,11,3.5996718357782767,0.8611265355461493,4.183143547947775,0.8130202815504419,158,30407
1,12,4.0308822582489,0.9499890997710548,5.026211691515337,0.9730593159379859,158,30407
2,1,2.088669779318221,0.5154648241134587,2.8585679056043936,0.5546728747696773,158,30407
2,2,2.5049270233838827,0.6159385772565584,2.5043154190647035,0.48787315358445665,158,30407
2,3,3.6792552218258647,0.8705695788673046,4.679317106504414,0.9056794868641624,158,30407
2,4,2.642939501246594,0.6252800883213387,4.012119447000905,0.7698137121046449,158,30407
2,5,3.3238399200924413,0.8015410157987402,3.9028083068287476,0.7577950285704774,158,30407
2,6,3.3836185490338,0.7947011989420265,4.241265979968942,0.8242056352573736,158,30407
2,7,3.47119784895464,0.8106909874657162,3.981833062633561,0.7732266884548761,158,30407
2,8,3.883739896274137,0.9117455938502967,4.326985857221727,0.8419274305979035,158,30407
2,9,3.9241836447304737,0.9206735596370649,5.002828714620688,0.9684566731540232,158,30407
2,10,3.8779873506012494,0.9000491362569624,4.9207677466650575,0.9524414973387966,158,30407
2,11,3.816836198009586,0.907034983309142,4.55123099684843,0.8856261407096494,158,30407
2,12,1.4500167720897466,0.3496547904739928,0.5013925573873343,0.09946886279543701,158,30407
3,1,2.278251169373605,0.5667879034869098,2.3466886878520854,0.45747311102380006,158,30407
3,2,3.364720099221262,0.7836849321443351,3.9775115609695777,0.7698673459583071,158,30407
3,3,1.1110488185217844,0.28084959056279374,0.9097811097794553,0.17717226989546955,158,30407
3,4,1.8531485360225095,0.46513586604083357,1.149754325820605,0.22345334170015013,158,30407
3,5,1.5203788888574281,0.38038429997180584,1.136475023373217,0.22408233878151249,158,30407
3,6,1.7572446954478218,0.44006317946156276,1.2232640379911375,0.23749176535230937,158,30407
3,7,2.6324408121036407,0.6400331927909354,1.862170272196938,0.36387461885536126,158,30407
3,8,3.244904469586394,0.7969130120543136,3.496775034773514,0.6883622440118811,158,30407
3,9,1.7839063189042188,0.44647052132328885,1.2425904597538973,0.24231194357553634,158,30407
3,10,1.7528702502674753,0.44059653101250534,1.4608443105923172,0.28398084146156494,158,30407
3,11,2.9653519434156226,0.7278215855248752,3.1579781481623437,0.6157707295782722,158,30407
3,12,2.096600490388051,0.5064284708787871,2.538864149572384,0.487269119185027,158,30407
4,1,1.5604245730527548,0.3492652524613984,0.5828218346052935,0.11455367550201491,158,30407
4,2,1.8892770496781315,0.4683148455208493,0.8456413356793843,0.16460941370324988,158,30407
4,3,1.432224358214447,0.36433714787999716,0.42661765266923823,0.08366409412879834,158,30407
4,4,1.016396200739449,0.2581685822542774,0.2655304320171139,0.05171977921666285,158,30407
4,5,2.3478698237181574,0.5269048406553553,1.9453072309768227,0.3851270817513623,158,30407
4,6,2.440212303912956,0.5846695247219351,1.3082875725698513,0.2586991312690851,158,30407
4,7,1.6696975528035074,0.42283524354488994,0.6628719578477558,0.1295018518724633,158,30407
4,8,1.4586603102445583,0.3677729790317688,0.4674098071299831,0.09128968878157338,158,30407
4,9,1.551092880041897,0.3908808376515309,0.9163214757053079,0.17850554358292203,158,30407
4,10,1.5775545571997458,0.3949493072212845,0.6149890256215151,0.12105670461498187,158,30407
4,11,1.7061083665085524,0.417350191716826,1.2484897490102949,0.24416169671902377,158,30407
4,12,1.7716196528335102,0.4432740586420115,0.8036198918113547,0.15717957171450214,158,30407
5,1,1.222657997995535,0.30843517273081694,0.3787189354275777,0.07445594032237628,158,30407
5,2,1.5719428284153365,0.39150433671103047,0.7786250941696995,0.15218844337360843,158,30407
5,3,2.051586104574482,0.48729703788931955,0.6908680711359361,0.13552036795918002,158,30407
5,4,1.6349403178593438,0.4104882696777548,0.2700235992307833,0.05329806402084327,158,30407
5,5,2.1436353817115137,0.497830561349281,2.2283141461756046,0.4346505954817205,158,30407
5,6,1.4091650167867846,0.35534722506422667,0.6639001529080941,0.12996455483767294,158,30407
5,7,1.9898569368805783,0.48899289137176477,0.7808680855084702,0.15321863237673236,158,30407
5,8,1.7339525696670042,0.43149669143033087,0.1796416252099697,0.0354311660248422,158,30407
5,9,2.2594735836729614,0.5121629594822085,1.3729625564205084,0.26918504976429347,158,30407
5,10,1.732750474462379,0.4228111295011332,0.2882152109528041,0.05667932687897476,158,30407
5,11,2.1222482957915534,0.4838565085640755,2.781162864458535,0.5425945544475375,158,30407
5,12,0.008136475356153604,0.0020472257631242293,0.005594161046950132,0.0010667062365934267,158,30407
6,1,1.1267772569107701,0.25144209922383254,0.9369609021310841,0.1833261397635536,158,30407
6,2,0.23104207588671924,0.05074450368510392,0.2141057201667982,0.041113841034469,158,30407
6,3,1.4227012736289164,0.3547554077111822,0.24374905050310416,0.04805730433866424,158,30407
6,4,2.140103445828012,0.5247023199360559,0.7499275886223596,0.14698212511346556,158,30407
6,5,1.4223478512502685,0.35419217747962783,0.5756231431538794,0.11350507321324779,158,30407
6,6,1.1313970273270386,0.2536792774466781,0.5261392235109938,0.10315227763460036,158,30407
6,7,0.7165006481829249,0.18466707715234784,0.7380980404570195,0.14441173250175066,158,30407
6,8,0.8986399799948414,0.22350655833751865,0.21375634676576616,0.042050195524602846,158,30407
6,9,0.9980231222304833,0.24211194737149258,0.4532954218992949,0.08875663580589951,158,30407
6,10,1.976540278214971,0.44932307128507376,0.9440688990006929,0.18505008702678763,158,30407
6,11,2.7083693968239317,0.6328738307315387,0.28055455372904003,0.054956928720001255,158,30407
6,12,2.0388778370827643,0.47859991438118155,2.9604936278403766,0.578140666161313,158,30407
7,1,1.8200589558495475,0.4527659938239264,0.3197123920542583,0.06267955150232807,158,30407
7,2,0.7494988791050604,0.18765885828447082,0.2513227426574041,0.04973586766697422,158,30407
7,3,2.4888656289797697,0.5684781889558683,2.598608671350259,0.5069519884252313,158,30407
7,4,1.5072031957525407,0.3576845152187967,0.32372039094772953,0.06299222570588994,158,30407
7,5,2.819239186439569,0.664977230841336,0.17038535419565567,0.03334421294115663,158,30407
7,6,1.6012289599794343,0.3902478711607952,0.8210946673583893,0.16098258823273892,158,30407
7,7,2.0029927606183557,0.4625723403286319,1.5687399002892586,0.30415761535650804,158,30407
7,8,2.0892048780329664,0.5082672181532579,0.6512044158525079,0.1271527954009235,158,30407
7,9,1.2662192108622137,0.31841143294988405,0.37066821889817103,0.07294944774133308,158,30407
7,10,0.4409738595496782,0.09720899808746158,0.36002591692482344,0.06931875584533566,158,30407
7,11,1.7091119518710431,0.37964495585407454,0.26711867165644526,0.05233798749187294,158,30407
7,12,1.4613205189372365,0.36085429564119675,0.47644413744553477,0.09388877494692331,158,30407
8,1,1.11251322701455,0.2835545867297912,0.4315253223438016,0.08500587942009648,158,30407
8,2,1.5411190522838758,0.3446587867258456,0.08729187958571212,0.017070286417686164,158,30407
8,3,0.32040813924976064,0.06898078426072783,0.44442938955529804,0.0851071225978473,158,30407
8,4,1.3525710480959348,0.3254501979702053,0.5302078017055833,0.10380583440893326,158,30407
8,5,0.9223148264606412,0.22772842782264355,0.22683768493235204,0.0446464954508724,158,30407
8,6,2.224043725551086,0.5286798278908261,0.36324348486094293,0.07113147183824632,158,30407
8,7,2.0643502330452077,0.4700193991374875,0.43627827538416053,0.08512441358824387,158,30407
8,8,1.1828637554517114,0.2629457822055829,0.274248721501641,0.05383442407566664,158,30407
8,9,1.2790050137041298,0.31975636862083007,0.4615219386312241,0.0909217562047969,158,30407
8,10,1.1623679981977553,0.28029336618176676,0.25440245793458577,0.050059742168705935,158,30407
8,11,0.611612121105927,0.13491777140667036,0.20195992528065113,0.03923220075651241,158,30407
8,12,1.0244111440856964,0.2258269068952525,0.5870268155131138,0.11360302948218677,158,30407
9,1,2.137822294005816,0.4967620711423722,3.2087453369610817,0.6223458792685985,158,30407
9,2,0.7993474790010346,0.17709969882031967,0.7294922216851222,0.14149250240403324,158,30407
9,3,2.7338916464332503,0.6327618336579229,0.503301047689564,0.09793879395055596,158,30407
9,4,1.680957232136653,0.39009260324648937,0.7676925642267878,0.14937977294671945,158,30407
9,5,0.9404091650544874,0.23346567254187917,0.44165252051470744,0.08652651327486792,158,30407
9,6,1.7999389987761416,0.4425844739882187,0.6204194358997162,0.12164997362345682,158,30407
9,7,1.3951895815048492,0.3191588553797605,0.6584394206644391,0.1279843637427503,158,30407
9,8,1.2421085383589494,0.3137128397623815,0.5636265949439381,0.11086976410911689,158,30407
9,9,1.8528851582239472,0.438394229371427,0.37352474734308755,0.07316055022815032,158,30407
9,10,1.7766558205280105,0.4190805543712889,0.8471231209280378,0.164495636407899,158,30407
9,11,1.89672252140416,0.45154336487513536,1.4317070836752372,0.278866467189725,158,30407
9,12,1.6768790018490618,0.39868019482245376,0.4714770095622742,0.09256040880178655,158,30407
10,1,1.7399401028682357,0.40897940510246533,0.2067867500726617,0.04023787228649905,158,30407
10,2,0.9946037074390242,0.2199753247953182,0.7299543273071901,0.1416783463189917,158,30407
10,3,1.7343364763390925,0.4031944067369663,0.2040322990034099,0.04002333773369234,158,30407
10,4,1.5704132028663087,0.3937804804761793,0.8740283923292218,0.17088542055637881,158,30407
10,5,1.2220604331910043,0.2757288006954282,0.5629487066891516,0.10877629176780708,158,30407
10,6,1.5920385871137839,0.3712160202170553,1.5653632430644713,0.3023227894410841,158,30407
10,7,1.0304289707271692,0.2310938286007516,0.1929721993789809,0.03739637882596275,158,30407
10,8,1.6573313002712908,0.38889762722709725,0.3481314382726709,0.0681880795909985,158,30407
10,9,2.0439698410933773,0.4780790192002062,0.212766997448068,0.041475081139827036,158,30407
10,10,1.0263646951232461,0.22867361126754793,0.19094148647465084,0.037018912438913754,158,30407
10,11,1.0511216554538427,0.2588681933280411,0.3884869835656979,0.07626776268153995,158,30407
10,12,1.3862986197573222,0.30450448718704215,0.5971533373845278,0.11609728608434801,158,30407
11,1,1.8043863317968631,0.4196602954558441,0.16924293582846214,0.032994376203443594,158,30407
11,2,1.2423579003139849,0.2801629960848708,0.31000500360288363,0.0600473091800157,158,30407
11,3,1.5296518065997549,0.34437680836762324,0.6482941890066852,0.1258987801176668,158,30407
11,4,2.1106653657608363,0.4851090957402202,0.4562569125886418,0.0890059889671583,158,30407
11,5,2.222248662481525,0.5170471463525397,0.5696104806871964,0.1111349781372522,158,30407
11,6,0.9655171565254665,0.23716854906193838,0.401511643102895,0.07873862787206724,158,30407
11,7,1.4448663094147893,0.33099596469057163,0.3015280585637404,0.058606940626576585,158,30407
11,8,1.9782085301898629,0.4542051165146235,0.6239168233322772,0.12030734337970939,158,30407
11,9,1.4444250320170327,0.32006152358709755,1.6576213908142552,0.3202211462982988,158,30407
11,10,1.3020197159497215,0.3232942421189011,0.5316754431630906,0.1039453476350187,158,30407
11,11,1.4666498143019278,0.3362952017241048,0.6633376465370229,0.1285989671991477,158,30407
11,12,1.5697127851488815,0.3664535768499865,0.3950123126864079,0.07678417458870791,158,30407
12,1,3.514791776909097,0.8345203216779155,4.104603493317973,0.7946000687758146,158,30407
12,2,1.9942848517290828,0.45825039773287124,1.2841828151763615,0.24941117872444105,158,30407
12,3,1.7945503220411676,0.41388423084495857,0.4553710242087506,0.08888878157627689,158,30407
12,4,2.0193181509396774,0.4881117956162332,0.9004292680285462,0.17612249572899846,158,30407
12,5,2.6845963514920035,0.6204535933227291,1.7624055094701152,0.34147565196142715,158,30407
12,6,1.689392813673943,0.3842995418333305,1.1894492459118382,0.23008459870397047,158,30407
12,7,1.5823079662594826,0.3605909105606403,0.4501614465273796,0.0874367596672522,158,30407
12,8,1.805345610747519,0.41343303448052726,1.1779369666990374,0.22912088122066324,158,30407
12,9,2.9572218703514106,0.7034068267448752,4.126722347533186,0.8001362313495038,158,30407
12,10,1.372951383564497,0.31053569129814124,0.6245763852338723,0.12087357548418483,158,30407
12,11,2.1667051641638087,0.5116371341228294,0.6313533922190793,0.1234005658230759,158,30407
12,12,2.165469801793058,0.5109632181091566,0.7805469062980964,0.15137249750290974,158,30407
